No.,Keyword
1,"Lluvia del Bosque | Lluvia de Fondo para Dormir, Pt. 05 on instagram"
2,Buba Corelli | Roze on instagram
3,Ness | תיק קטן on instagram
4,Arsy Widianto | Bahaya on instagram
5,Sorriso Maroto | Boa Noite on instagram
6,"Kausar Munir | Doobey (From ""Gehraiyaan"") on instagram"
7,Jamie xx | It's So Good on instagram
8,G Herbo | One in the Head on instagram
9,GRECAS | Taxi Driver on instagram
10,Plan B | Si No Le Contesto on instagram
11,Mafumafu | takt on instagram
12,Theo Rubia | Peregrino - Ao vivo on instagram
13,Luciano Pereyra | Es ahora on instagram
14,The Kid LAROI | You Can't (feat. The Kid Laroi & Gunna) on instagram
15,"Topic | 1, 2, 3 (with Topic) on instagram"
16,AJR | Turning Out Pt. iii on instagram
17,Mckyyy | i like the way you kiss me - sped up on instagram
18,King Von | Crazy Story on instagram
19,King Von | Crazy Story 2.0 on instagram
20,JC Reyes | El bloque on instagram
21,Powerwolf | 1589 on instagram
22,DRAY | Talk To Me on instagram
23,Fy | Mesa Sou on instagram
24,Channel Tres | Diamond Therapy on instagram
25,Ogryzek | LIKE ME on instagram
26,MC 張天賦 | 時候不早 on instagram
27,Mayday | 為你寫下這首情歌 on instagram
28,Gusttavo Lima | Nossa Preferida Sertaneja on instagram
29,Fourtwnty | Nematomorpha on instagram
30,Os Tralhas | Vem Barbiezinha on instagram
31,Hozier | Nobody's Soldier on instagram
32,MKLA | Running on instagram
33,2KE | FUNK DO HIPNOTICA on instagram
34,El Malilla | Vaquero - Remix on instagram
35,ZØMB | Metadata on instagram
36,"Ariana Grande | Zero To Hero - From ""Hercules"" on instagram"
37,THEUZ ZL | Pumba Pumba on instagram
38,Øneheart | touch on instagram
39,Sam Tompkins | dead to me on instagram
40,Orochi | Na Onda on instagram
41,"Shakthisree Gopalan | Welcome To Hyderabad (From ""Premalu"") on instagram"
42,Shaka Ponk | I'm Picky - Unplugged on instagram
43,Ministerul Manelelor | Stinge luminile on instagram
44,HARDY | SOUL4SALE (feat. Fred Durst) on instagram
45,1991 | Worlds Apart on instagram
46,slxughter | tenoda-x on instagram
47,LANNÉ | One In A Million on instagram
48,Yung Hood | The Finals on instagram
49,Bad Gyal | QUE RICO (w/ Bad Gyal) on instagram
50,Eminem | One Shot 2 Shot on instagram
51,Eden Hason | עד שתבואי עד אליי on instagram
52,Hoshimachi Suisei | Sugar Rush on instagram
53,Voyage | Bella Hadid on instagram
54,Toxi$ | ТРЯСИ on instagram
55,Mack H.D | Runaway on instagram
56,Blxst | Reason on instagram
57,"Jubin Nautiyal | Raataan Chill Mix - Spotify Singles (Tanishk Bagchi, Jubin Nautiyal, Hanita Bhambri) on instagram"
58,Ella Langley | Damn You on instagram
59,Bay Swag | Fisherrr (Remix) on instagram
60,Ski Mask The Slump God | Tuk-Tuk on instagram
61,MOONLGHT | Cocaine on instagram
62,Lullaby Time | Deep Sleep on instagram
63,PinkPantheress | Ophelia on instagram
64,Seori | Shutdown (Feat.Seori) on instagram
65,Fonseca | Pasa on instagram
66,asteria | ROCK THAT SHIT! on instagram
67,Mesto | Breakaway on instagram
68,"Matoma | I Love You, Bye on instagram"
69,JID | Just In Time (feat. Lil Wayne & Kenny Mason) on instagram
70,Luke Combs | How I Learned To Pray (feat. Luke Combs) on instagram
71,Larry June | Breakfast in Gold Coast on instagram
72,BOYNEXTDOOR | Fadeaway on instagram
73,Ken Carson | President (feat. Ken Carson) on instagram
74,Zhang Bichen | 凉凉 - 電視劇《三生三世十里桃花》片尾曲 on instagram
75,Sasha Alex Sloan | Kiss Me on instagram
76,OxT | HOLLOW HUNGER on instagram
77,Antdot | Corpo e Canção on instagram
78,Marco Antonio Solís | Si No Te Hubieras Ido on instagram
79,Paula Hartmann | sag was on instagram
80,50 Cent | When It Rains It Pours on instagram
81,Vince Staples | Nothing Matters on instagram
82,Tony Duardo | Tanzania on instagram
83,Taylor Swift | Beautiful Eyes on instagram
84,Ghost | Hanging Around on instagram
85,London Grammar | House on instagram
86,Pol Granch | Titiritar on instagram
87,Aya Nakamura | Cadeau (feat. Tiakola) on instagram
88,Roosevelt | Higher Ground (feat. Roosevelt) on instagram
89,Kodak Black | Shampoo on instagram
90,Gen Hoshino | 生命体 on instagram
91,Nicholas Galitzine | The Idea of You on instagram
92,Reik | A Veces Bien Y A Veces Mal on instagram
93,The Black Keys | Howlin' for You on instagram
94,Gulab Sidhu | AAN MILO on instagram
95,Sargi Maan | Desi Touch on instagram
96,Marc Anthony | Ale Ale on instagram
97,Moneybagg Yo | On Wat U On on instagram
98,Broederliefde | Appel Mint Puur on instagram
99,"Luis Angel ""El Flaco"" | La Ley De La Vida on instagram"
100,David Puentez | Lonely Days on instagram